{
  "train_loss": [
    0.6373333266979672,
    0.5323671971886886,
    0.4333313686551208,
    0.2994120403583803,
    0.22685140209185645,
    0.19626909633374584,
    0.10232108673973521,
    0.0483052027460014,
    0.035459886341225454,
    0.1611827323647515,
    0.05834003392124856,
    0.018263888921572977,
    0.008896889203647876,
    0.02943248814801261,
    0.014789335963188386,
    0.02579415206878248,
    0.01949725553970615,
    0.05568152861095123,
    0.023503610943299308,
    0.014334740883241277,
    0.009634826489159636,
    0.020055320645598295,
    0.023428327650515786,
    0.009695030090765788,
    0.007652631934382048,
    0.007294874904223693,
    0.007388241028104344,
    0.009263079918660417,
    0.007035250255680906,
    0.008773641466714865,
    0.00897071470382911,
    0.007502609699904355,
    0.006002423493178258,
    0.00660501250236245
  ],
  "val_loss": [
    0.5209854709992715,
    0.5164349286928089,
    0.3982619216682714,
    0.3726065423373782,
    0.3040076483280287,
    0.253400271297048,
    0.2278495255960237,
    0.23944781269502202,
    1.0150715457190067,
    0.27951941823740617,
    0.1842719425507095,
    0.22784237666995427,
    0.3264461905404994,
    0.2670251186883692,
    0.27682000916630645,
    0.23658852354749405,
    0.25685545683725214,
    0.23671033407706732,
    0.22187469680067323,
    0.26034236082448325,
    0.3552648464875689,
    0.34805185127647703,
    0.2638909402004349,
    0.31993580239167047,
    0.34744164433358066,
    0.3896510150142595,
    0.33378605153901586,
    0.37127950574632373,
    0.4102145306036568,
    0.3603006578257151,
    0.3612370453426484,
    0.3700118240574722,
    0.3891317587646522,
    0.42131942988158
  ],
  "val_f1": [
    0.0,
    0.0,
    0.0,
    0.0,
    0.7857142857137582,
    0.8627450980386836,
    0.8518518518513203,
    0.8275862068960256,
    0.71999999999952,
    0.8253968253963093,
    0.8846153846148513,
    0.8571428571423271,
    0.8421052631573667,
    0.9056603773579566,
    0.8571428571423271,
    0.8888888888883559,
    0.8571428571423271,
    0.8135593220333743,
    0.9056603773579566,
    0.8571428571423271,
    0.8275862068960256,
    0.8571428571423271,
    0.8571428571423271,
    0.8421052631573667,
    0.8421052631573667,
    0.8421052631573667,
    0.9056603773579566,
    0.8571428571423271,
    0.8275862068960256,
    0.8888888888883559,
    0.8571428571423271,
    0.8571428571423271,
    0.8571428571423271,
    0.8571428571423271
  ],
  "val_auc": [
    0.9345076784101171,
    0.9168925022583555,
    0.9159891598915986,
    0.9295392953929535,
    0.9394760614272806,
    0.957091237579042,
    0.9638663053297196,
    0.9710930442637755,
    0.9692863595302615,
    0.9706413730803971,
    0.9728997289972896,
    0.9710930442637755,
    0.9706413730803971,
    0.9719963866305326,
    0.9710930442637755,
    0.9719963866305326,
    0.971544715447154,
    0.9683830171635046,
    0.9719963866305326,
    0.9719963866305326,
    0.9701897018970186,
    0.9719963866305326,
    0.9724480578139111,
    0.9701897018970186,
    0.9706413730803971,
    0.9701897018970186,
    0.9728997289972896,
    0.9710930442637755,
    0.9701897018970186,
    0.9728997289972896,
    0.9724480578139111,
    0.9724480578139111,
    0.9724480578139111,
    0.971544715447154
  ],
  "val_acc": [
    0.7522935779816445,
    0.7522935779816445,
    0.7522935779816445,
    0.7522935779816445,
    0.8899082568807258,
    0.935779816513753,
    0.9266055045871475,
    0.9082568807339366,
    0.807339449541277,
    0.8990825688073313,
    0.9449541284403583,
    0.9266055045871475,
    0.9174311926605421,
    0.9541284403669638,
    0.9266055045871475,
    0.9449541284403583,
    0.9266055045871475,
    0.8990825688073313,
    0.9541284403669638,
    0.9266055045871475,
    0.9082568807339366,
    0.9266055045871475,
    0.9266055045871475,
    0.9174311926605421,
    0.9174311926605421,
    0.9174311926605421,
    0.9541284403669638,
    0.9266055045871475,
    0.9082568807339366,
    0.9449541284403583,
    0.9266055045871475,
    0.9266055045871475,
    0.9266055045871475,
    0.9266055045871475
  ],
  "test_loss": [
    0.5195813337597278,
    0.5108937265676096,
    0.36001073384503707,
    0.25362134280554743,
    0.22131275556503086,
    0.14682033247903947,
    0.11842675343019153,
    0.16724697520973486,
    1.052706160300642,
    0.2542101258258207,
    0.11862476867273314,
    0.13123966721014693,
    0.1951835227728642,
    0.1343792044309848,
    0.13606692159360428,
    0.1150360771395061,
    0.1225862870197914,
    0.18220766831975466,
    0.13069239962811863,
    0.15166619681932647,
    0.21241083466277005,
    0.18584797653549034,
    0.15783724681380282,
    0.18321304872990885,
    0.19042077410641475,
    0.20641135681717476,
    0.1883516947903303,
    0.2035156505688632,
    0.2215806772406939,
    0.19786472666267424,
    0.19941917719979504,
    0.2040812346642119,
    0.21177004579985473,
    0.2230811844676799
  ],
  "test_f1": [
    0.0,
    0.0,
    0.0,
    0.0,
    0.9259259259253917,
    0.8846153846148513,
    0.9454545454540114,
    0.9122807017538554,
    0.7012987012982277,
    0.8709677419349641,
    0.8846153846148513,
    0.9473684210520997,
    0.899999999999475,
    0.9454545454540114,
    0.9473684210520997,
    0.9642857142851805,
    0.9473684210520997,
    0.8709677419349641,
    0.9259259259253917,
    0.928571428570896,
    0.9152542372876081,
    0.9473684210520997,
    0.928571428570896,
    0.9473684210520997,
    0.9473684210520997,
    0.9473684210520997,
    0.9454545454540114,
    0.9473684210520997,
    0.9473684210520997,
    0.928571428570896,
    0.928571428570896,
    0.928571428570896,
    0.928571428570896,
    0.9473684210520997
  ],
  "test_auc": [
    0.9367660343270096,
    0.9706413730803971,
    0.976061427280939,
    0.9801264679313456,
    0.9850948509485091,
    0.9882565492321586,
    0.990514905149051,
    0.9882565492321586,
    0.9837398373983736,
    0.98780487804878,
    0.9891598915989156,
    0.990514905149051,
    0.9900632339656725,
    0.9896115627822941,
    0.9900632339656725,
    0.9896115627822941,
    0.9900632339656725,
    0.9873532068654016,
    0.9887082204155371,
    0.9891598915989156,
    0.9891598915989156,
    0.9896115627822941,
    0.9882565492321586,
    0.9869015356820231,
    0.9869015356820231,
    0.9869015356820231,
    0.9887082204155371,
    0.9864498644986446,
    0.9869015356820231,
    0.9873532068654016,
    0.9869015356820231,
    0.9869015356820231,
    0.9869015356820231,
    0.9873532068654016
  ],
  "test_acc": [
    0.7522935779816445,
    0.7522935779816445,
    0.7522935779816445,
    0.7522935779816445,
    0.9633027522935692,
    0.9449541284403583,
    0.9724770642201747,
    0.9541284403669638,
    0.7889908256880662,
    0.9266055045871475,
    0.9449541284403583,
    0.9724770642201747,
    0.9449541284403583,
    0.9724770642201747,
    0.9724770642201747,
    0.98165137614678,
    0.9724770642201747,
    0.9266055045871475,
    0.9633027522935692,
    0.9633027522935692,
    0.9541284403669638,
    0.9724770642201747,
    0.9633027522935692,
    0.9724770642201747,
    0.9724770642201747,
    0.9724770642201747,
    0.9724770642201747,
    0.9724770642201747,
    0.9724770642201747,
    0.9633027522935692,
    0.9633027522935692,
    0.9633027522935692,
    0.9633027522935692,
    0.9724770642201747
  ],
  "val_alpha_entropy": [
    NaN,
    NaN,
    NaN,
    NaN,
    NaN,
    NaN,
    NaN,
    NaN,
    NaN,
    NaN,
    NaN,
    NaN,
    NaN,
    NaN,
    NaN,
    NaN,
    NaN,
    NaN,
    NaN,
    NaN,
    NaN,
    NaN,
    NaN,
    NaN,
    NaN,
    NaN,
    NaN,
    NaN,
    NaN,
    NaN,
    NaN,
    NaN,
    NaN,
    NaN
  ],