model,precision,recall,accuracy,f1
attention,0.9203910614525139,0.9427753934191703,0.9858888565609544,0.9314487632508833
hybrid,0.9406077348066298,0.9742489270386266,0.9911259819610125,0.9571328179901617
rnn,0.9578059071729957,0.9742489270386266,0.9930171661332557,0.9659574468085106
sif,0.5938989513822688,0.8912732474964234,0.9269711958102996,0.7128146453089245
