model,precision,recall,accuracy,f1
attention,0.9818511796733213,0.8782467532467533,0.9851993731499217,0.9271636675235646
hybrid,0.9171075837742504,0.8441558441558441,0.9751001218875153,0.879120879120879
rnn,0.9788961038961039,0.9788961038961039,0.9954727494340937,0.9788961038961039
sif,0.9326923076923077,0.7873376623376623,0.9710952463869058,0.8538732394366197
