model,precision,recall,accuracy,f1
attention,1.0,0.9615384615384616,0.9906542056074766,0.9803921568627451
hybrid,0.9866666666666667,0.9487179487179487,0.9844236760124611,0.9673202614379085
rnn,1.0,1.0,1.0,1.0
sif,0.0,0.0,0.7570093457943925,0.0
