model,precision,recall,accuracy,f1
attention,0.9697508896797153,0.9461805555555556,0.9921875,0.9578207381370827
hybrid,0.9928443649373881,0.9635416666666666,0.9959309895833334,0.9779735682819383
rnn,0.9947826086956522,0.9930555555555556,0.9988606770833334,0.9939183318853171
sif,0.8253205128205128,0.8940972222222222,0.9723307291666666,0.8583333333333333
