file,method,accuracy,precision,recall,f1,tp,tn,fp,fn
big_scores_ab,majority_vote,0.9217118997912317,0.6647058823529411,0.5485436893203883,0.601063829787234,113,1653,57,93
big_scores_ab,average_threshold,0.9154488517745303,0.6864406779661016,0.3932038834951456,0.5,81,1673,37,125
big_scores_ag,majority_vote,0.9310946358482337,0.6532258064516129,0.6923076923076923,0.6721991701244814,162,1973,86,72
big_scores_ag,average_threshold,0.9310946358482337,0.6826923076923077,0.6068376068376068,0.6425339366515838,142,1993,66,92
big_scores_ia,majority_vote,0.9541284403669725,0.9230769230769231,0.8888888888888888,0.9056603773584906,24,80,2,3
big_scores_ia,average_threshold,0.9541284403669725,0.9583333333333334,0.8518518518518519,0.9019607843137256,23,81,1,4
big_scores_wm,majority_vote,0.9038555392874573,0.487012987012987,0.38860103626943004,0.43227665706051877,75,1777,79,118
big_scores_wm,average_threshold,0.9072718399219132,0.5154639175257731,0.25906735751295334,0.3448275862068965,50,1809,47,143
