{
  "train_loss": [
    0.09254688126100184,
    0.06615973340756215,
    0.05496921184800493,
    0.047361917441787325,
    0.041109923880481215,
    0.0406570493138271,
    0.034270729748006816,
    0.03342892110142625,
    0.027814595028575,
    0.0282240104079191,
    0.028029299787941164,
    0.023189375592007216,
    0.022254411503520713,
    0.023000614043336105,
    0.02481327669944502,
    0.023054578183559726,
    0.01949948750811182,
    0.021229723635079724,
    0.015991668214943,
    0.020853242203057728,
    0.02357729859391813,
    0.014842194659285497,
    0.01793645971515005,
    0.014414742780022733
  ],
  "val_loss": [
    0.06275066757048842,
    0.06592932404213332,
    0.05558607826159098,
    0.05510351947923647,
    0.10350476516760265,
    0.0862701645731696,
    0.13214721859085707,
    0.08181878842889102,
    0.0915923985220804,
    0.13721864533106687,
    0.09538529387754065,
    0.08539853544459203,
    0.1298912351567421,
    0.14596126926240457,
    0.21431669381111088,
    0.13908113469741948,
    0.18139197443413066,
    0.15901170461708217,
    0.20628189921812137,
    0.19954522951682724,
    0.11836767535760769,
    0.1265285340788062,
    0.2467751363711668,
    0.27949796839410734
  ],
  "val_f1": [
    0.941876430205449,
    0.9407955596664742,
    0.9422098936657036,
    0.9434843531055244,
    0.945757997217858,
    0.9476102941171464,
    0.9315201554147499,
    0.9489322191267044,
    0.9424083769628501,
    0.9464944649441486,
    0.949931097840565,
    0.9470725995311152,
    0.9390302448386737,
    0.9450446218877095,
    0.9512195121946211,
    0.9417337754613657,
    0.9394949976174126,
    0.947031963469819,
    0.9422098936657036,
    0.9377990430617004,
    0.9459084604710665,
    0.9470229723389272,
    0.9476661951904468,
    0.9533146591965113
  ],
  "val_auc": [
    0.9960952502880553,
    0.9964515186915888,
    0.996436115734221,
    0.9963807050953783,
    0.9964975275252849,
    0.9960544424529509,
    0.9954473258865703,
    0.9958247983612853,
    0.9953563084112149,
    0.9952866950454488,
    0.9954279221610549,
    0.9956231596466522,
    0.9955023364485981,
    0.995180474651133,
    0.9948956199590321,
    0.9957093762002305,
    0.9957995935219562,
    0.9956131577262834,
    0.9952250832159775,
    0.9957105764306747,
    0.9955641483164768,
    0.9952510882089362,
    0.9948438100115222,
    0.994677978171809
  ],
  "val_acc": [
    0.9778822709857191,
    0.9777081156391499,
    0.9782305816788573,
    0.9789272030651339,
    0.9796238244514105,
    0.9801462904911179,
    0.9754440961337512,
    0.9808429118773945,
    0.9789272030651339,
    0.9797979797979797,
    0.9810170672239636,
    0.9803204458376871,
    0.9778822709857191,
    0.9796238244514105,
    0.9818878439568093,
    0.9785788923719957,
    0.9778822709857191,
    0.9797979797979797,
    0.9782305816788573,
    0.9773598049460117,
    0.9796238244514105,
    0.9803204458376871,
    0.9806687565308253,
    0.9825844653430859
  ],
  "test_loss": [
    0.06643138390757178,
    0.06660302704933305,
    0.06003806730723401,
    0.0646215393623186,
    0.10851398871785817,
    0.1079180024350997,
    0.130161029953628,
    0.0964303340600162,
    0.10345556591624394,
    0.15847627573773423,
    0.11882599242206596,
    0.10457952624611112,
    0.1588872227333574,
    0.19067516100006368,
    0.27034081629274065,
    0.173681364258912,
    0.22597933556188987,
    0.20936429721987448,
    0.3029042564179443,
    0.23830382219482027,
    0.1422339072324775,
    0.15141559668973678,
    0.2503206109955016,
    0.3153614251405201
  ],
  "test_f1": [
    0.9433272394876163,
    0.9474654377875177,
    0.9476102941171464,
    0.9488847583638115,
    0.9448818897632787,
    0.9468864468859463,
    0.934615384614884,
    0.9492619926194255,
    0.9347308242015002,
    0.9411223551052951,
    0.947802197801697,
    0.9436422915691313,
    0.9425723777878238,
    0.9504209541622681,
    0.9448598130836113,
    0.9479117785072421,
    0.9460227272722265,
    0.9406971480302828,
    0.9431192660545451,
    0.9475673122337931,
    0.943552088113313,
    0.9439775910359138,
    0.9445488721799503,
    0.9470752089131483
  ],
  "test_auc": [
    0.9957579855332224,
    0.9960796472922802,
    0.9959648252464474,
    0.9957631865318141,
    0.9961726651517091,
    0.9950438484188965,
    0.9952438868262706,
    0.9952860949302266,
    0.9949946389706824,
    0.9951748735757265,
    0.9949370279093586,
    0.9949004208808091,
    0.994764594802202,
    0.9946757777493279,
    0.995227483676866,
    0.994728787927282,
    0.9950656526053002,
    0.9947537927282039,
    0.9934743470746383,
    0.9949840369350915,
    0.9947619943029061,
    0.9947877992574574,
    0.9940966665599795,
    0.9934561435795672
  ],
  "test_acc": [
    0.9784047370254265,
    0.9801462904911179,
    0.9801462904911179,
    0.9808429118773945,
    0.9792755137582723,
    0.9797979797979797,
    0.9763148728665968,
    0.9808429118773945,
    0.9761407175200277,
    0.9777081156391499,
    0.9801462904911179,
    0.9789272030651339,
    0.9789272030651339,
    0.981539533263671,
    0.9794496691048413,
    0.9806687565308253,
    0.9801462904911179,
    0.9771856495994425,
    0.9784047370254265,
    0.9806687565308253,
    0.9785788923719957,
    0.9791013584117031,
    0.9794496691048413,
    0.9801462904911179
  ],
  "val_alpha_entropy": [
    NaN,
    NaN,
    NaN,
    NaN,
    NaN,
    NaN,
    NaN,
    NaN,
    NaN,
    NaN,
    NaN,
    NaN,
    NaN,
    NaN,
    NaN,
    NaN,
    NaN,
    NaN,
    NaN,
    NaN,
    NaN,
    NaN,
    NaN,
    NaN
  ],
  "val_alpha_mean": [
    null,
    null,
    null,
    null,
    null,
    null,
    null,
    null,
    null,
    null,
    null,
    null,
    null,
    null,
    null,
    null,
    null,
    null,
    null,
    null,
    null,
    null,
    null,
    null
  ],
  "val_alpha_std": [
    null,
    null,
    null,
    null,
    null,
    null,
    null,
    null,
    null,
    null,
    null,
    null,
    null,
    null,
    null,
    null,
    null,
    null,
    null,
    null,
    null,
    null,
    null,
    null
  ],
  "test_alpha_entropy": [
    NaN,
    NaN,
    NaN,
    NaN,
    NaN,
    NaN,
    NaN,
    NaN,
    NaN,
    NaN,
    NaN,
    NaN,
    NaN,
    NaN,
    NaN,
    NaN,
    NaN,
    NaN,
    NaN,
    NaN,
    NaN,
    NaN,
    NaN,
    NaN
  ],
  "test_alpha_mean": [
    null,
    null,
    null,
    null,
    null,
    null,
    null,
    null,
    null,
    null,
    null,
    null,
    null,
    null,
    null,
    null,
    null,
    null,
    null,
    null,
    null,
    null,
    null,
    null
  ],
  "test_alpha_std": [
    null,
    null,
    null,
    null,
    null,
    null,
    null,
    null,
    null,
    null,
    null,
    null,
    null,
    null,
    null,
    null,
    null,
    null,
    null,
    null,
    null,
    null,
    null,
    null
  ]
}