{
  "train_loss": [
    0.4044153512830106,
    0.36191386507215434,
    0.3335822873764514,
    0.29588298002518476,
    0.27537597211221587,
    0.2639643974749245,
    0.2810745251733103,
    0.24290365087613247,
    0.23027300304509982,
    0.21614607523648946,
    0.2404129340124732,
    0.21229869561530412,
    0.20533486409410098,
    0.21500058525019755,
    0.20172100057971387,
    0.18422361607574148,
    0.19901355344627011,
    0.18304111732973205,
    0.18768339068588308,
    0.18602242550066198,
    0.1788598919807308,
    0.16828789022652238,
    0.15902381302687235,
    0.1819403646789487,
    0.16935771878741712,
    0.1520543594396545,
    0.1513633464943581,
    0.16154121592029003,
    0.1657600105876342,
    0.1516088715284734,
    0.16550963552229786,
    0.1430974626352603,
    0.14760844163527442,
    0.15387055784943868,
    0.13631985766691002,
    0.13331207967332487,
    0.14207204441457244,
    0.132146592729239,
    0.1613102409665949,
    0.13309939424991088,
    0.12592963700710288,
    0.12457756163985903,
    0.15435959482216885,
    0.14921411322291941,
    0.11563520282706936,
    0.12371655891204034,
    0.12394198784912767,
    0.13087119848169582,
    0.1281547482296807,
    0.1156545690061104,
    0.13090260037276688,
    0.11834534841551253,
    0.10974987806348012,
    0.09834101442080066
  ],
  "val_loss": [
    0.4202357965651783,
    0.3270560281899503,
    0.3002102770774561,
    0.2634793358674129,
    0.2897321783824744,
    0.2193437427134566,
    0.22123568597403287,
    0.29638879566836424,
    0.20911325095124184,
    0.19624062949531013,
    0.31178708163737506,
    0.22970385652420447,
    0.23104852006677343,
    0.1965102044484405,
    0.23384330719602459,
    0.21114617642131878,
    0.20362704818667784,
    0.1915728444649618,
    0.19158359149972556,
    0.19441258116763296,
    0.1976283650576975,
    0.1951708010279249,
    0.23439541008126083,
    0.20506369557507756,
    0.186333960904069,
    0.20170228667012835,
    0.19281389241520946,
    0.2271984313769725,
    0.18800099484723581,
    0.18784900215825762,
    0.22531301207890994,
    0.20061056069360894,
    0.24865491719068744,
    0.19380059498624724,
    0.19008087996385664,
    0.21551898886893908,
    0.19025838196993122,
    0.18901255696677527,
    0.21291788695778674,
    0.19860690369782094,
    0.23790709033794605,
    0.24565801680700985,
    0.2194058523685448,
    0.21331567649893843,
    0.19951374248245687,
    0.19695942862482357,
    0.39732300017285693,
    0.28137576353353677,
    0.21123599908207707,
    0.2242876454269842,
    0.25667590176362676,
    0.2232771912455512,
    0.2219901935465727,
    0.20670907327415333
  ],
  "val_f1": [
    0.0,
    0.028708133971263292,
    0.18803418803397576,
    0.3684210526312267,
    0.40282685512327593,
    0.5098039215681841,
    0.540372670806989,
    0.48504983388660794,
    0.5415384615379939,
    0.5592705167168536,
    0.5064102564098045,
    0.5471124620056074,
    0.5460122699381817,
    0.5671641791040006,
    0.5575757575752851,
    0.5626911314980013,
    0.5688622754486257,
    0.6464088397785115,
    0.6153846153841269,
    0.6522911051207964,
    0.5971014492748777,
    0.588235294117166,
    0.5592705167168536,
    0.6380697050933358,
    0.6631016042775765,
    0.6391752577314573,
    0.6464088397785115,
    0.5636363636358911,
    0.655737704917537,
    0.6521739130429818,
    0.6017191977072492,
    0.613180515758825,
    0.5636363636358911,
    0.6448087431689032,
    0.6632124352326594,
    0.6171428571423693,
    0.6702412868627726,
    0.6631853785895777,
    0.6069364161844858,
    0.6502732240432202,
    0.6293333333328348,
    0.634146341462918,
    0.609195402298364,
    0.6243093922646995,
    0.645161290322083,
    0.6483516483511534,
    0.5017793594301387,
    0.5671641791040006,
    0.6520547945200525,
    0.6253521126755657,
    0.6187845303862465,
    0.6430517711166702,
    0.6395663956634599,
    0.6562499999994992
  ],
  "val_auc": [
    0.716581502299438,
    0.7775052518026457,
    0.8073241355816726,
    0.8392096746721172,
    0.8257224777153239,
    0.89434224720377,
    0.8872111508544824,
    0.8399165389201159,
    0.9070430931698178,
    0.9238261511383637,
    0.8425396014307613,
    0.8840174870834043,
    0.8857264520524613,
    0.9224975870095952,
    0.8839777437120309,
    0.9105433486629194,
    0.9179895531709533,
    0.9261341054902629,
    0.924828251859422,
    0.9194032816669505,
    0.9208425594731164,
    0.9252540736955658,
    0.8949298813376483,
    0.9114829955146767,
    0.9298529495259183,
    0.9206807471753818,
    0.9255635042298302,
    0.907639243740419,
    0.9276528700391756,
    0.9293873843184012,
    0.8980838017373531,
    0.9237182762732072,
    0.8946772270482031,
    0.9241384204848692,
    0.9280020439448134,
    0.9179838755464713,
    0.9265514108896837,
    0.9282887639811502,
    0.9190768182592404,
    0.9236104014080508,
    0.8993385567478567,
    0.8981292227332084,
    0.9172968829841595,
    0.9174388235962073,
    0.9245869528189405,
    0.925924033384432,
    0.8815306875603247,
    0.8923068188270028,
    0.9228297280417873,
    0.9205899051836711,
    0.8967154942372112,
    0.9195508999034804,
    0.9196701300176007,
    0.9209816612729234
  ],
  "val_acc": [
    0.8924843423799578,
    0.8940501043841332,
    0.9008350730688931,
    0.9123173277661791,
    0.9117954070981207,
    0.9217118997912312,
    0.9227557411273482,
    0.919102296450939,
    0.9222338204592897,
    0.9243215031315236,
    0.9196242171189974,
    0.9222338204592897,
    0.9227557411273482,
    0.9243215031315236,
    0.9237995824634652,
    0.9253653444676405,
    0.9248434237995821,
    0.9331941544885173,
    0.9295407098121081,
    0.9326722338204588,
    0.9274530271398743,
    0.9269311064718159,
    0.9243215031315236,
    0.9295407098121081,
    0.9342379958246342,
    0.9269311064718159,
    0.9331941544885173,
    0.9248434237995821,
    0.9342379958246342,
    0.9331941544885173,
    0.9274530271398743,
    0.9295407098121081,
    0.9248434237995821,
    0.9321503131524004,
    0.9321503131524004,
    0.9300626304801666,
    0.9358037578288095,
    0.9326722338204588,
    0.9290187891440497,
    0.9331941544885173,
    0.9274530271398743,
    0.9295407098121081,
    0.9290187891440497,
    0.9290187891440497,
    0.9311064718162835,
    0.9331941544885173,
    0.8538622129436322,
    0.9243215031315236,
    0.9337160751565757,
    0.930584551148225,
    0.9279749478079328,
    0.9316283924843419,
    0.930584551148225,
    0.9311064718162835
  ],
  "test_loss": [
    0.4535038373462218,
    0.34862187389665455,
    0.3207591356775706,
    0.2807143165541342,
    0.3150586208332493,
    0.2313428905662266,
    0.23528661754658925,
    0.32638397616079556,
    0.223426465886122,
    0.20751551122235481,
    0.3464055722054397,
    0.2501217259584084,
    0.2502165700412027,
    0.2088669768937072,
    0.2542971019615616,
    0.22692538168677956,
    0.2176207384164591,
    0.2053302952549216,
    0.20500467030918673,
    0.20623008175004498,
    0.21293874495003628,
    0.20860392269182615,
    0.2545627208751294,
    0.22217199727815104,
    0.19893746260001416,
    0.21834581049396373,
    0.20607224162590218,
    0.2438139973435792,
    0.19966061179776964,
    0.20011061721817747,
    0.2456145073211361,
    0.2119437420997372,
    0.26790295951972504,
    0.20480917677446608,
    0.20075136797778728,
    0.22730433215661314,
    0.1984672448374253,
    0.19635264403604763,
    0.22094181446273012,
    0.2065387646996247,
    0.25591411356258137,
    0.26370137421431755,
    0.2295960890360581,
    0.22230785550639065,
    0.2055614471536651,
    0.20042771782963253,
    0.41826433600130686,
    0.2976396547077274,
    0.2137086670845747,
    0.22840574420021267,
    0.26968504133194854,
    0.2268176338412276,
    0.2246958740130417,
    0.20563901162469111
  ],