{
  "train_loss": [
    1.0856862834480407,
    0.805993467034586,
    1.3941637874227721,
    1.0315453829794805,
    1.2024708069665817,
    1.5674279446701884,
    0.8870745390494627,
    1.036115033239502,
    0.8110921405378646,
    1.369524679330081,
    0.2994151842047819,
    1.039759919271379,
    0.6283619298801101,
    0.9166010362091614,
    0.6967159302473415,
    0.9213209838943356,
    0.6167470516960356,
    0.21775738768835998,
    0.628591344999845,
    0.5899377704943981,
    0.3233587964240075,
    0.5153040032550172,
    0.49169835079258994,
    0.1428108070529889,
    0.3080889202706754,
    0.44131970821828315,
    0.5901902309085029,
    0.4754965711054397,
    0.2878212578464607,
    0.19349796808967015,
    0.17673236506613502,
    0.23715792349937156,
    0.30746170024750674,
    0.12440947808278319,
    0.3544580205370763,
    0.3532507371552158,
    0.32332677228211865,
    0.14942002074050453,
    0.265964339971434
  ],
  "val_loss": [
    1.1042795356475157,
    1.205005214664544,
    1.1776369089220893,
    1.0896449708751441,
    0.4490184589174186,
    1.752931361297463,
    1.3225234214117367,
    1.1145255122182673,
    0.3706016173002193,
    0.5896214348939481,
    1.24683430956939,
    1.3905588081776705,
    0.8637867394982599,
    0.9432664147297524,
    1.4425224213557528,
    1.2439632529690958,
    0.9041344424392062,
    0.690792096412395,
    1.1669400401943073,
    1.026292120499274,
    0.5042670139505959,
    0.6918448133307205,
    0.5828698529357011,
    0.6848686530445269,
    0.6544567530839088,
    1.0407856861434022,
    0.9129401067173538,
    0.9105993930609451,
    0.6790499886797601,
    0.9562026688049645,
    0.6947357110578423,
    0.7068496665357243,
    0.8251923878351856,
    0.7439736138177955,
    0.5842579127388051,
    0.5630496309357754,
    0.6896796576484608,
    0.6758158953979813,
    0.5874267417792924
  ],
  "val_f1": [
    0.0,
    0.5206185567005495,
    0.551068883609955,
    0.5914786967413667,
    0.5511811023617278,
    0.608076009500691,
    0.5633074935395707,
    0.5857142857137894,
    0.606896551723638,
    0.5810810810805799,
    0.5743589743584913,
    0.624413145539408,
    0.6114649681523636,
    0.599999999999501,
    0.6064814814809821,
    0.6107526881715404,
    0.6069868995628164,
    0.6178861788612873,
    0.6586345381521095,
    0.594827586206394,
    0.5839416058389229,
    0.5754716981127103,
    0.5682326621918923,
    0.6153846153841127,
    0.579646017698613,
    0.5934489402692519,
    0.6081632653056208,
    0.5863636363631357,
    0.603773584905158,
    0.5164835164830545,
    0.6112266112261091,
    0.576271186440184,
    0.5513784461148004,
    0.607929515418,
    0.5907990314765036,
    0.6043737574547683,
    0.5606060606055743,
    0.5977011494247876,
    0.6050420168062203
  ],
  "val_auc": [
    0.8445764477818873,
    0.8881354736138611,
    0.892338410065462,
    0.8966804066366961,
    0.9091148719609138,
    0.8906510089123008,
    0.8979776092452149,
    0.8990299000012453,
    0.9094448803045209,
    0.9032639693154506,
    0.8892479545709269,
    0.8823613653628224,
    0.8830794967268983,
    0.899009144759509,
    0.8698065196365342,
    0.8821496618971121,
    0.8690427267406383,
    0.878038048509151,
    0.8887062427616095,
    0.8657073593936149,
    0.8515439824327634,
    0.8572973354420659,
    0.8362618979423253,
    0.8539578170466952,
    0.8522434340792767,
    0.8515751152953679,
    0.8672058878469757,
    0.845958746881525,
    0.8555995566680366,
    0.8225509852513252,
    0.8639846743295019,
    0.833599000427558,
    0.8289830346654048,
    0.8698168972574024,
    0.85117038808151,
    0.8741319120143792,
    0.8284683046703445,
    0.841386367127018,
    0.8597236232010395
  ],
  "val_acc": [
    0.8979502834714345,
    0.9188835586567812,
    0.9175752289576969,
    0.9289140863497598,
    0.925425207152202,
    0.9280418665503704,
    0.9262974269515915,
    0.9241168774531178,
    0.925425207152202,
    0.9188835586567812,
    0.9276057566506756,
    0.9302224160488439,
    0.9201918883558653,
    0.9249890972525072,
    0.9258613170518967,
    0.9210641081552547,
    0.9215002180549495,
    0.9180113388573917,
    0.9258613170518967,
    0.9180113388573917,
    0.925425207152202,
    0.9215002180549495,
    0.915830789358918,
    0.9215002180549495,
    0.9171391190580023,
    0.9079808111644131,
    0.9162668992586128,
    0.9206279982555601,
    0.9175752289576969,
    0.9232446576537284,
    0.9184474487570864,
    0.9236807675534231,
    0.9219363279546442,
    0.922372437854339,
    0.9262974269515915,
    0.9132141299607498,
    0.9241168774531178,
    0.9236807675534231,
    0.9180113388573917
  ],
  "test_loss": [
    1.0156604322741711,
    1.106756751304935,
    1.079084559501751,
    1.0042018842681546,
    0.4277533011968303,
    1.6006392614775435,
    1.2160604372328148,
    1.0259295675141604,
    0.35707194963449795,
    0.543531047852082,
    1.1484407499965443,
    1.2824768125880923,
    0.8004819139532787,
    0.8770016379219006,
    1.338084560305179,
    1.1445267971067308,
    0.8310981938803087,
    0.6451121249471332,
    1.07790932099579,
    0.9501077624462704,
    0.49694903468980417,
    0.6597655553661524,
    0.5665520214639373,
    0.6651544355382396,
    0.6270362589454682,
    0.970944871964332,
    0.8396839878013754,
    0.8574181420495429,
    0.6302046470646249,
    0.9461166304471178,
    0.6764781329629725,
    0.6895519103148178,
    0.7957010043990492,
    0.7361528876883771,
    0.5811700050975369,
    0.5313035102583049,
    0.6858673260977343,
    0.6830025914710419,
    0.5791680157262583
  ],
  "test_f1": [
    0.03361344537811793,
    0.4934383202094972,
    0.5502392344492653,
    0.5077720207249086,
    0.511999999999528,
    0.576271186440184,
    0.5201072386054277,
    0.5868544600933988,
    0.5807962529269023,
    0.5954545454540447,
    0.5347043701794664,
    0.584323040379551,
    0.6090712742975535,
    0.5910165484628598,
    0.5874125874120888,
    0.6160520607370246,
    0.615384615384113,
    0.6041666666661644,
    0.6123260437370744,
    0.5950782997757847,
    0.5508684863518676,
    0.5653206650826389,
    0.5764966740571479,
    0.6167023554598828,
    0.6021978021972998,
    0.6050096339108704,
    0.6079664570225584,
    0.5819861431865676,
    0.6021978021972998,
    0.5068870523411368,
    0.5788336933040331,
    0.5755395683448284,
    0.5522388059696599,
    0.5829596412551039,
    0.5563549160666511,
    0.602459016392941,
    0.5621890547258788,
    0.5831435079721647,
    0.6029106029101007
  ],
  "test_auc": [
    0.8590905883280823,
    0.9002814410779443,
    0.9056321423975625,
    0.9085212720472555,
    0.9197996704067612,
    0.9031601931067691,
    0.9094158229660901,
    0.9115805946791862,
    0.9197083473431215,
    0.917130546319473,
    0.9017903471521733,
    0.8934010784423606,
    0.892552189055346,
    0.910476415818815,
    0.8744577693096391,
    0.8934820238851322,
    0.8823115527826553,
    0.8853189873102452,
    0.903980025155353,
    0.8759500711904792,
    0.8495701589436412,
    0.8577435731393963,
    0.8243566912823833,
    0.8472268921516128,
    0.8481878598440036,
    0.8585405744220703,
    0.8710912691000112,
    0.8458196867618917,
    0.8586443506307518,
    0.8002453269573231,
    0.8526751431073918,
    0.8182608767844319,
    0.8253529428857258,
    0.8627144535352403,
    0.8380385466349527,
    0.8785756092701211,
    0.8101725590797956,
    0.8245061290228848,
    0.8525443850844531
  ],