{
  "train_loss": [
    0.358831574196152,
    0.2917107600079163,
    0.26981973888138816,
    0.23633645163307934,
    0.22262055362474475,
    0.1950311905926471,
    0.19655659140077814,
    0.17175672730117236,
    0.16427506966976607,
    0.15064217549919726,
    0.1367582654303123,
    0.12137689677670553,
    0.12249725619252698,
    0.11552213553105845,
    0.10084007212607751,
    0.09179735676278614,
    0.08246718366876152,
    0.07711213435166864,
    0.08809011722559977,
    0.07299172008601564,
    0.07736403300776241,
    0.06098873454977382
  ],
  "val_loss": [
    0.3001645826141447,
    0.2949176077263247,
    0.27214266161269357,
    0.25874470285580414,
    0.3033732751219839,
    0.28822896147774973,
    0.27557591277253285,
    0.2878080510464804,
    0.322672650254372,
    0.33130749069579696,
    0.36889731261484676,
    0.4287673126726165,
    0.378506595795186,
    0.3932453803518099,
    0.43804227619301467,
    0.4812979329324688,
    0.5746354795828745,
    0.5929654963630883,
    0.4712877438788649,
    0.6094730914424489,
    0.5541186583746114,
    0.61802766089209
  ],
  "val_f1": [
    0.0,
    0.0,
    0.06829268292671838,
    0.21774193548352405,
    0.1369863013696525,
    0.32592592592551584,
    0.41212121212072406,
    0.29999999999950744,
    0.3382352941172324,
    0.4235924932970855,
    0.2779922779918961,
    0.31428571428528373,
    0.4289276807975036,
    0.37463976945195376,
    0.3641791044771214,
    0.3257328990223323,
    0.3054545454541247,
    0.26119402985034124,
    0.3619631901835639,
    0.24905660377318725,
    0.31358885017377336,
    0.35542168674649904
  ],
  "val_auc": [
    0.6777682240485975,
    0.761786448097195,
    0.7790194523852063,
    0.8179912229765947,
    0.8104592862247633,
    0.8068356932285152,
    0.8241887395033053,
    0.8250094916919778,
    0.8113442469179918,
    0.8016152626407004,
    0.7900493567982848,
    0.7960626228336609,
    0.7956913301768804,
    0.7940107423619797,
    0.7983350455601215,
    0.7828970877255673,
    0.7564571422190459,
    0.7842733830623548,
    0.7894714802572806,
    0.783190213507236,
    0.7810043326782204,
    0.797045292120779
  ],
  "val_acc": [
    0.9058077110785745,
    0.9058077110785745,
    0.9067837969741334,
    0.9053196681307951,
    0.9077598828696921,
    0.911176183504148,
    0.9053196681307951,
    0.8838457784285013,
    0.9121522693997067,
    0.8950707662274276,
    0.908735968765251,
    0.9062957540263539,
    0.8882381649585159,
    0.8940946803318688,
    0.8960468521229864,
    0.8989751098096629,
    0.9067837969741334,
    0.9033674963396775,
    0.8984870668618834,
    0.9028794533918981,
    0.9038555392874569,
    0.895558809175207
  ],
  "test_loss": [
    0.3050634808631104,
    0.299157319155014,
    0.2648743880906298,
    0.25471341348148197,
    0.29466428874235956,
    0.2895276708216595,
    0.2794214854768685,
    0.28372423494077414,
    0.32193730341742366,
    0.32724454177188084,
    0.3614567853928543,
    0.42118369986104526,
    0.3573193314192992,
    0.38209234364967104,
    0.43981246508407035,
    0.47329732922590784,
    0.5747738135855858,
    0.5757392534923413,
    0.4715129958530238,
    0.6345568286784978,
    0.543238644427704,
    0.6256922006956132
  ],
  "test_f1": [
    0.0,
    0.0,
    0.07920792079199328,
    0.26086956521702737,
    0.13084112149514887,
    0.30075187969884765,
    0.3848396501452782,
    0.3672316384175811,
    0.2962962962958864,
    0.34929577464738926,
    0.2781954887214042,
    0.30388692579461707,
    0.36082474226753947,
    0.33431085043938946,
    0.31249999999951933,
    0.3122923588035245,
    0.27924528301847007,
    0.2935153583613232,
    0.31545741324873305,
    0.26373626373584746,
    0.28771929824517484,
    0.35608308605292094
  ],
  "test_auc": [
    0.6819836519564052,
    0.7663955020546721,
    0.7986337546900125,
    0.8293700866535644,
    0.8269943719849919,
    0.8020451804538146,
    0.8311344246917992,
    0.8310757995354654,
    0.8218269832052886,
    0.8031367250312668,
    0.7954624128997677,
    0.8079579462211899,
    0.806894318384849,
    0.8087256566017509,
    0.8039156021082723,
    0.7928996560657495,
    0.7591678577809541,
    0.8007358852956942,
    0.7942424513132035,
    0.7797620376987672,
    0.7891895211720564,
    0.8037788100768268
  ],
  "test_acc": [
    0.9058077110785745,
    0.9058077110785745,
    0.9092240117130304,
    0.908735968765251,
    0.9092240117130304,
    0.9092240117130304,
    0.8970229380185453,
    0.8906783796974129,
    0.9072718399219127,
    0.8872620790629572,
    0.9062957540263539,
    0.9038555392874569,
    0.8789653489507073,
    0.8892142508540748,
    0.8926305514885305,
    0.8989751098096629,
    0.9067837969741334,
    0.8989751098096629,
    0.8940946803318688,
    0.9019033674963393,
    0.9009272816007805,
    0.8940946803318688
  ],
  "val_alpha_entropy": [
    NaN,
    NaN,
    NaN,
    NaN,
    NaN,
    NaN,
    NaN,
    NaN,
    NaN,
    NaN,
    NaN,
    NaN,
    NaN,
    NaN,
    NaN,
    NaN,
    NaN,
    NaN,
    NaN,
    NaN,
    NaN,
    NaN
  ],
  "val_alpha_mean": [
    null,
    null,
    null,
    null,
    null,
    null,
    null,
    null,
    null,
    null,
    null,
    null,
    null,
    null,
    null,
    null,
    null,
    null,
    null,
    null,
    null,
    null
  ],
  "val_alpha_std": [
    null,
    null,
    null,
    null,
    null,
    null,
    null,
    null,
    null,
    null,
    null,
    null,
    null,
    null,
    null,
    null,
    null,
    null,
    null,
    null,
    null,
    null
  ],
  "test_alpha_entropy": [
    NaN,
    NaN,
    NaN,
    NaN,
    NaN,
    NaN,
    NaN,
    NaN,
    NaN,
    NaN,
    NaN,
    NaN,
    NaN,
    NaN,
    NaN,
    NaN,
    NaN,
    NaN,
    NaN,
    NaN,
    NaN,
    NaN
  ],
  "test_alpha_mean": [
    null,
    null,
    null,
    null,
    null,
    null,
    null,
    null,
    null,
    null,
    null,
    null,
    null,
    null,
    null,
    null,
    null,
    null,
    null,
    null,
    null,
    null
  ],
  "test_alpha_std": [
    null,
    null,
    null,
    null,
    null,
    null,
    null,
    null,
    null,
    null,
    null,
    null,
    null,
    null,
    null,
    null,
    null,
    null,
    null,
    null,
    null,
    null
  ]
}