file,method,accuracy,precision,recall,f1,tp,tn,fp,fn
big_scores_ia__test_full,majority_vote,0.8715596330275229,0.9333333333333333,0.5185185185185185,0.6666666666666667,14,81,1,13
big_scores_ia__test_full,average_threshold,0.8623853211009175,0.9285714285714286,0.48148148148148145,0.6341463414634146,13,81,1,14
