file,method,accuracy,precision,recall,f1,tp,tn,fp,fn
big_scores_ag__test_full,majority_vote,0.904055822067161,0.5333333333333333,0.47863247863247865,0.5045045045045046,112,1961,98,122
big_scores_ag__test_full,average_threshold,0.9119058002616659,0.6111111111111112,0.37606837606837606,0.46560846560846564,88,2003,56,146
