file,method,accuracy,precision,recall,f1,tp,tn,fp,fn
big_scores_dplb__test_full,majority_vote,0.9759665621734587,0.9322820037105751,0.9392523364485982,0.9357541899441341,1005,4599,73,65
big_scores_dplb__test_full,average_threshold,0.9752699407871822,0.9575936883629191,0.9074766355140187,0.9318618042226487,971,4629,43,99
