file,method,accuracy,precision,recall,f1,tp,tn,fp,fn
big_scores_wm__test_full,majority_vote,0.8906783796974134,0.3697478991596639,0.22797927461139897,0.28205128205128205,44,1781,75,149
big_scores_wm__test_full,average_threshold,0.8994631527574427,0.41333333333333333,0.16062176165803108,0.2313432835820895,31,1812,44,162
