file,method,accuracy,precision,recall,f1,tp,tn,fp,fn
big_scores_ab__test_full,majority_vote,0.8961377870563675,0.519774011299435,0.44660194174757284,0.4804177545691906,92,1625,85,114
big_scores_ab__test_full,average_threshold,0.906054279749478,0.6,0.3786407766990291,0.4642857142857143,78,1658,52,128
