{
  "train_loss": [
    0.49748382372425476,
    0.3266915207289731,
    0.29304794479360546,
    0.28193595449323733,
    0.27188202565783953,
    0.26611436310178516,
    0.24801358509862328,
    0.23451752809528287,
    0.2292604773129297,
    0.22492209892464357,
    0.2138910782686378,
    0.20988472592937354,
    0.20605691020198394,
    0.20113593936451477,
    0.19389726327853957,
    0.18867651974731323,
    0.18533562711415524,
    0.17683645070472123,
    0.1712284699781561,
    0.1672274440017728,
    0.16191996247231039,
    0.15323469627386901,
    0.1646300813459529,
    0.15131079826876825,
    0.1465090297451503,
    0.13451670191056495,
    0.13675375215674856,
    0.12397559718861631,
    0.1382328383533619,
    0.12928157402614218
  ],
  "val_loss": [
    0.38622331700713647,
    0.30262751879489613,
    0.291353578856074,
    0.2829177319101731,
    0.27506166437650786,
    0.2631711750393556,
    0.24922663994449823,
    0.260921111044039,
    0.26116408645495837,
    0.2373002713456161,
    0.23121754677485348,
    0.22831546090881438,
    0.24616829565875759,
    0.22767312541829487,
    0.22997446488379966,
    0.2350593071672729,
    0.23270148204675006,
    0.23635122507243345,
    0.2404452032319158,
    0.24490766155248506,
    0.24636190434442373,
    0.2810985961735336,
    0.24920272082453998,
    0.2628526074412743,
    0.2610907113627727,
    0.2834372271439574,
    0.26973198878584753,
    0.2773197917835837,
    0.29082690534968675,
    0.2836899474634084
  ],
  "val_f1": [
    0.0,
    0.0,
    0.0,
    0.0,
    0.0,
    0.0,
    0.0,
    0.0,
    0.0,
    0.0,
    0.11428571428556442,
    0.31698113207507356,
    0.2278481012655185,
    0.35294117647017353,
    0.4308681672020987,
    0.41471571906308474,
    0.44089456868962024,
    0.46107784431088655,
    0.4121621621617056,
    0.4228187919458496,
    0.4486486486481472,
    0.4093959731539033,
    0.441860465115784,
    0.4080267558523824,
    0.45378151260454275,
    0.4508670520226255,
    0.45070422535161403,
    0.48633879781370654,
    0.3732394366192802,
    0.43843843843794844
  ],
  "val_auc": [
    0.5701547704127211,
    0.6808586072896194,
    0.7887121448990531,
    0.7869282651420404,
    0.7839662989101305,
    0.8312544666785778,
    0.834093599249598,
    0.8019363051634805,
    0.8194484768626049,
    0.8555866982311953,
    0.8550423217795248,
    0.8609662542433446,
    0.8370388154368411,
    0.8646847641593711,
    0.8621694657852421,
    0.856027782740754,
    0.8606117116312311,
    0.8569071600857602,
    0.8632721770591388,
    0.8547966544577452,
    0.8554973646596391,
    0.8646093889583706,
    0.8567033678756477,
    0.8544811952831874,
    0.8552209889226371,
    0.838080109880293,
    0.8495427237805967,
    0.8522925227800607,
    0.8404949079864213,
    0.8487498883330356
  ],
  "val_acc": [
    0.9058077110785745,
    0.9058077110785745,
    0.9058077110785745,
    0.9058077110785745,
    0.9058077110785745,
    0.9058077110785745,
    0.9058077110785745,
    0.9058077110785745,
    0.9058077110785745,
    0.9058077110785745,
    0.9092240117130304,
    0.9116642264519274,
    0.9106881405563686,
    0.9141044411908243,
    0.913616398243045,
    0.9145924841386038,
    0.9145924841386038,
    0.9121522693997067,
    0.9150805270863832,
    0.916056612981942,
    0.900439238653001,
    0.9141044411908243,
    0.9062957540263539,
    0.913616398243045,
    0.9048316251830157,
    0.9072718399219127,
    0.9048316251830157,
    0.9082479258174715,
    0.9131283552952656,
    0.908735968765251
  ],
  "test_loss": [
    0.4040403881557049,
    0.30342825323619627,
    0.29217622686212036,
    0.2818066554863084,
    0.27441754772815546,
    0.26574806098882137,
    0.25035584002020533,
    0.2599837870758414,
    0.26014400930623416,
    0.24267312239995523,
    0.2354432460213359,
    0.23199815328904277,
    0.24796548687928824,
    0.23294821182304967,
    0.2332330289382711,
    0.2388043023133173,
    0.23727336547734273,
    0.2396232836301179,
    0.24960282967112715,
    0.25217543304577406,
    0.2514901413691806,
    0.30352481706599715,
    0.25798339108364243,
    0.273999132954126,
    0.27040581333165986,
    0.29244697536125946,
    0.27807101137525225,
    0.29031520904477714,
    0.30272542691451854,
    0.29715478885691593
  ],
  "test_f1": [
    0.0,
    0.0,
    0.0,
    0.0,
    0.0,
    0.0,
    0.0,
    0.0,
    0.0,
    0.0,
    0.11650485436881267,
    0.26190476190440126,
    0.21645021644993967,
    0.2977099236637319,
    0.39215686274462963,
    0.3771043771039195,
    0.41157556270049106,
    0.4210526315784638,
    0.3934426229503523,
    0.39610389610342556,
    0.3999999999995004,
    0.38436482084643614,
    0.3977272727267751,
    0.3529411764701201,
    0.3954802259882024,
    0.3964497041415196,
    0.393162393161896,
    0.39093484419213675,
    0.348432055748686,
    0.3812316715537587
  ],
  "test_auc": [
    0.601893313382169,
    0.6904647579060211,
    0.7949319948186528,
    0.7933351572270859,
    0.7873721413257102,
    0.8276504154011077,
    0.8319775102733608,
    0.8014812622833661,
    0.8169443451849205,
    0.8513014784706092,
    0.8511088529569412,
    0.857392911381097,
    0.832943429515812,
    0.8596206673217796,
    0.8587747900661068,
    0.8531579417545113,
    0.8554610728961944,
    0.8532751920671788,
    0.8565693675183134,
    0.8495315570841522,
    0.8507459353224942,
    0.853788860103627,
    0.8507654770412721,
    0.8489871806324817,
    0.8508938940503842,
    0.8322622610326961,
    0.8446265856708951,
    0.8459358808290155,
    0.833987515633375,
    0.8434680409147758
  ],
  "test_acc": [
    0.9058077110785745,
    0.9058077110785745,
    0.9058077110785745,
    0.9058077110785745,
    0.9058077110785745,
    0.9058077110785745,
    0.9058077110785745,
    0.9058077110785745,
    0.9058077110785745,
    0.9058077110785745,
    0.911176183504148,
    0.9092240117130304,
    0.9116642264519274,
    0.9102000976085891,
    0.9092240117130304,
    0.9097120546608097,
    0.9106881405563686,
    0.908735968765251,
    0.9097120546608097,
    0.9092240117130304,
    0.8945827232796482,
    0.9077598828696921,
    0.8965348950707658,
    0.9033674963396775,
    0.895558809175207,
    0.900439238653001,
    0.8960468521229864,
    0.8950707662274276,
    0.908735968765251,
    0.8970229380185453
  ],
  "val_alpha_entropy": [
    NaN,
    NaN,
    NaN,
    NaN,
    NaN,
    NaN,
    NaN,
    NaN,
    NaN,
    NaN,
    NaN,
    NaN,
    NaN,
    NaN,
    NaN,
    NaN,
    NaN,
    NaN,
    NaN,
    NaN,
    NaN,
    NaN,
    NaN,
    NaN,
    NaN,
    NaN,
    NaN,
    NaN,
    NaN,
    NaN
  ],
  "val_alpha_mean": [
    null,
    null,
    null,
    null,
    null,
    null,
    null,
    null,
    null,
    null,
    null,
    null,
    null,
    null,
    null,
    null,
    null,
    null,
    null,
    null,
    null,
    null,
    null,
    null,
    null,
    null,
    null,
    null,
    null,
    null
  ],
  "val_alpha_std": [
    null,
    null,
    null,
    null,
    null,
    null,
    null,
    null,
    null,
    null,
    null,
    null,
    null,
    null,
    null,
    null,
    null,
    null,
    null,
    null,
    null,
    null,
    null,
    null,
    null,
    null,
    null,
    null,
    null,
    null
  ],
  "test_alpha_entropy": [
    NaN,
    NaN,
    NaN,
    NaN,
    NaN,
    NaN,
    NaN,
    NaN,
    NaN,
    NaN,
    NaN,
    NaN,
    NaN,
    NaN,
    NaN,
    NaN,
    NaN,
    NaN,
    NaN,
    NaN,
    NaN,
    NaN,
    NaN,
    NaN,
    NaN,
    NaN,
    NaN,
    NaN,
    NaN,
    NaN
  ],
  "test_alpha_mean": [
    null,
    null,
    null,
    null,
    null,
    null,
    null,
    null,
    null,
    null,
    null,
    null,
    null,
    null,
    null,
    null,
    null,
    null,
    null,
    null,
    null,
    null,
    null,
    null,
    null,
    null,
    null,
    null,
    null,
    null
  ],