model,precision,recall,accuracy,f1
attention,0.3141025641025641,0.2538860103626943,0.8775012201073694,0.2808022922636103
hybrid,0.35233160621761656,0.35233160621761656,0.8779892630551489,0.35233160621761656
rnn,0.2857142857142857,0.13471502590673576,0.8867740361151781,0.18309859154929575
sif,0.30864197530864196,0.12953367875647667,0.8906783796974134,0.1824817518248175
