model,precision,recall,accuracy,f1
attention,0.45410628019323673,0.4017094017094017,0.8896641953772351,0.42630385487528344
hybrid,0.4148936170212766,0.3333333333333333,0.8839947666812037,0.36966824644549756
rnn,0.5279503105590062,0.36324786324786323,0.9018752725686873,0.430379746835443
sif,0.3758620689655172,0.4658119658119658,0.8665503706934148,0.416030534351145
