model,precision,recall,accuracy,f1
attention,0.45714285714285713,0.46601941747572817,0.8830897703549061,0.46153846153846156
hybrid,0.627906976744186,0.5242718446601942,0.9154488517745303,0.5714285714285714
rnn,0.4074074074074074,0.32038834951456313,0.8768267223382046,0.3586956521739131
sif,0.33962264150943394,0.17475728155339806,0.8747390396659708,0.23076923076923078
