model,precision,recall,accuracy,f1
attention,0.9231481481481482,0.9317757009345794,0.9728317659352143,0.9274418604651162
hybrid,0.935064935064935,0.9420560747663551,0.9770114942528736,0.9385474860335196
rnn,0.9127450980392157,0.8700934579439252,0.9602925809822361,0.8909090909090909
sif,0.930835734870317,0.3018691588785047,0.8657262277951933,0.455892731122089
