model,precision,recall,accuracy,f1
attention,0.7647058823529411,0.48148148148148145,0.8348623853211009,0.5909090909090909
hybrid,0.9444444444444444,0.6296296296296297,0.8990825688073395,0.7555555555555556
rnn,0.9230769230769231,0.4444444444444444,0.8532110091743119,0.6
sif,0.0,0.0,0.7522935779816514,0.0
